<?xml version="1.0" encoding="UTF-8"?>

<data>
  <profile>
    <description_file>XB2B-WF-2026.xml</description_file>
    <settings>
      <setting command="PL">4</setting>
      <setting command="AH">2</setting>
      <setting command="CE">2</setting>
      <setting command="ID">BLUEZONE</setting>
      <setting command="EE">0</setting>
      <setting command="PK"></setting>
      <setting command="IP">1</setting>
      <setting command="MA">0</setting>
      <setting command="TM">64</setting>
      <setting command="TS">258</setting>
      <setting command="DO">3</setting>
      <setting command="EQ">devicecloud.digi.com</setting>
      <setting command="NS">129.123.0.1</setting>
      <setting command="DL">129.123.9.68</setting>
      <setting command="NI">0x20</setting>
      <setting command="KP">0x20</setting>
      <setting command="KC">0x20</setting>
      <setting command="KL">0x20</setting>
      <setting command="C0">2616</setting>
      <setting command="DE">50</setting>
      <setting command="GW">144.39.207.254</setting>
      <setting command="MK">255.255.248.0</setting>
      <setting command="MY">144.39.203.137</setting>
      <setting command="BD">3</setting>
      <setting command="NB">0</setting>
      <setting command="SB">0</setting>
      <setting command="RO">3</setting>
      <setting command="FT">7F3</setting>
      <setting command="AP">0</setting>
      <setting command="AO">2</setting>
      <setting command="D0">1</setting>
      <setting command="D1">0</setting>
      <setting command="D2">0</setting>
      <setting command="D3">0</setting>
      <setting command="D4">0</setting>
      <setting command="D5">1</setting>
      <setting command="D6">0</setting>
      <setting command="D7">1</setting>
      <setting command="D8">1</setting>
      <setting command="D9">1</setting>
      <setting command="P0">1</setting>
      <setting command="P1">0</setting>
      <setting command="P2">0</setting>
      <setting command="P3">1</setting>
      <setting command="P4">1</setting>
      <setting command="PD">7FFF</setting>
      <setting command="PR">7FFF</setting>
      <setting command="DS">0</setting>
      <setting command="M0">0</setting>
      <setting command="M1">0</setting>
      <setting command="LT">0</setting>
      <setting command="RP">28</setting>
      <setting command="AV">1</setting>
      <setting command="IC">0</setting>
      <setting command="IF">1</setting>
      <setting command="IR">0</setting>
      <setting command="OM">7FFF</setting>
      <setting command="T0">0</setting>
      <setting command="T1">0</setting>
      <setting command="T2">0</setting>
      <setting command="T3">0</setting>
      <setting command="T4">0</setting>
      <setting command="T5">0</setting>
      <setting command="T6">0</setting>
      <setting command="T7">0</setting>
      <setting command="T8">0</setting>
      <setting command="T9">0</setting>
      <setting command="Q0">0</setting>
      <setting command="Q1">0</setting>
      <setting command="Q2">0</setting>
      <setting command="Q3">0</setting>
      <setting command="Q4">0</setting>
      <setting command="SA">2710</setting>
      <setting command="SM">0</setting>
      <setting command="SO">100</setting>
      <setting command="SP">1F4</setting>
      <setting command="ST">1388</setting>
      <setting command="WH">0</setting>
      <setting command="CC">2B</setting>
      <setting command="CT">64</setting>
      <setting command="GT">3E8</setting>
    </settings>
  </profile>
</data>
